Timestamp,User Count,Type,Name,Requests/s,Failures/s,50%,66%,75%,80%,90%,95%,98%,99%,99.9%,99.99%,100%,Total Request Count,Total Failure Count,Total Median Response Time,Total Average Response Time,Total Min Response Time,Total Max Response Time,Total Average Content Size
1785225936,0,,Aggregated,0.000000,0.000000,N/A,N/A,N/A,N/A,N/A,N/A,N/A,N/A,N/A,N/A,N/A,0,0,0,0.0,0,0,0
1785225937,5,,Aggregated,0.000000,0.000000,N/A,N/A,N/A,N/A,N/A,N/A,N/A,N/A,N/A,N/A,N/A,0,0,0,0.0,0,0,0
1785225938,10,,Aggregated,0.000000,0.000000,N/A,N/A,N/A,N/A,N/A,N/A,N/A,N/A,N/A,N/A,N/A,0,0,0,0.0,0,0,0
1785225939,15,POST,/api/predict,0.000000,0.000000,0,0,0,0,0,0,0,0,0,0,0,7,0,2200.0,2210.6560688553145,1815.947066002991,2643.7321249977686,176.0
1785225939,15,,Aggregated,0.000000,0.000000,2200,2300,2500,2500,2600,2600,2600,2600,2600,2600,2600,7,0,2200.0,2210.6560688553145,1815.947066002991,2643.7321249977686,176.0
1785225940,20,POST,/api/predict,0.000000,0.000000,1800,2000,2100,2300,2500,2600,2600,2600,2600,2600,2600,15,0,1800.0,1879.9203979317099,1288.3121490012854,2643.7321249977686,176.06666666666666
1785225940,20,GET,/api/status,0.000000,0.000000,0,0,0,0,0,0,0,0,0,0,0,3,0,2400.0,2238.455686000331,1759.1867139999522,2534.934767987579,420.3333333333333
1785225940,20,,Aggregated,0.000000,0.000000,2000,2100,2300,2400,2500,2600,2600,2600,2600,2600,2600,18,0,1800.0,1939.67627927648,1288.3121490012854,2643.7321249977686,216.77777777777777
1785225941,25,POST,/api/predict,0.666667,0.000000,1500,1600,1800,2000,2300,2500,2600,2600,2600,2600,2600,23,0,1500.0,1665.5136902605275,1133.038697997108,2643.7321249977686,176.17391304347825
1785225941,25,GET,/api/status,0.000000,0.000000,0,0,0,0,0,0,0,0,0,0,0,8,0,1700.0,1854.0932292489742,1422.3792589909863,2534.934767987579,421.25
1785225941,25,,Aggregated,0.666667,0.000000,1600,1800,2100,2100,2400,2500,2600,2600,2600,2600,2600,31,0,1600.0,1714.179377741417,1133.038697997108,2643.7321249977686,239.41935483870967
1785225942,30,POST,/api/predict,2.250000,0.000000,1500,1600,1800,1900,2300,2500,2600,2600,2600,2600,2600,32,0,1500.0,1629.2619798118722,1133.038697997108,2643.7321249977686,176.40625
1785225942,30,GET,/api/status,0.000000,0.000000,1600,1700,1700,1800,1800,1800,1800,1800,1800,1800,1800,8,0,1700.0,1854.0932292489742,1422.3792589909863,2534.934767987579,421.25
1785225942,30,,Aggregated,2.250000,0.000000,1600,1800,1900,2100,2400,2500,2600,2600,2600,2600,2600,40,0,1600.0,1674.2282296992926,1133.038697997108,2643.7321249977686,225.375
1785225943,35,POST,/api/predict,3.400000,0.000000,1600,1900,2000,2100,2200,2500,2600,2600,2600,2600,2600,41,0,1700.0,1728.3451572921633,1133.038697997108,2643.7321249977686,176.2439024390244
1785225943,35,GET,/api/status,0.600000,0.000000,1600,1700,1700,1800,1800,1800,1800,1800,1800,1800,1800,8,0,1700.0,1854.0932292489742,1422.3792589909863,2534.934767987579,421.25
1785225943,35,,Aggregated,4.000000,0.000000,1700,2000,2100,2100,2300,2500,2600,2600,2600,2600,2600,49,0,1700.0,1748.8754547544997,1133.038697997108,2643.7321249977686,216.24489795918367
1785225944,40,POST,/api/predict,4.333333,0.000000,1900,2100,2300,2300,2600,2800,3000,3000,3000,3000,3000,50,0,1900.0,1881.86176660005,1133.038697997108,2982.531219997327,176.18
1785225944,40,GET,/api/status,1.333333,0.000000,1600,1700,1700,1800,1800,1800,1800,1800,1800,1800,1800,8,0,1700.0,1854.0932292489742,1422.3792589909863,2534.934767987579,421.25
1785225944,40,,Aggregated,5.666667,0.000000,1800,2100,2200,2300,2500,2800,2900,3000,3000,3000,3000,58,0,1800.0,1878.031623517143,1133.038697997108,2982.531219997327,209.98275862068965
1785225945,45,POST,/api/predict,5.000000,0.000000,2000,2300,2500,2800,3000,3100,3100,3200,3200,3200,3200,59,0,2000.0,2059.5040246945414,1133.038697997108,3178.5516799864126,176.11864406779662
1785225945,45,GET,/api/status,1.142857,0.000000,1700,1700,1800,1800,3500,3500,3500,3500,3500,3500,3500,9,0,1800.0,2032.98110277683,1422.3792589909863,3464.084090999677,421.3333333333333
1785225945,45,,Aggregated,6.142857,0.000000,2000,2300,2500,2700,3000,3100,3200,3500,3500,3500,3500,68,0,2000.0,2055.9936379701385,1133.038697997108,3464.084090999677,208.5735294117647
1785225946,50,POST,/api/predict,5.500000,0.000000,2100,2500,3000,3100,3300,3400,3400,3500,3500,3500,3500,67,0,2100.0,2212.57903161172,1133.038697997108,3460.914099996444,176.13432835820896
1785225946,50,GET,/api/status,1.000000,0.000000,1700,1800,3500,3500,3800,3800,3800,3800,3800,3800,3800,10,0,1800.0,2207.5166213980992,1422.3792589909863,3778.3362889895216,421.4
1785225946,50,,Aggregated,6.500000,0.000000,2100,2500,2900,3000,3400,3400,3500,3800,3800,3800,3800,77,0,2100.0,2211.921575739821,1133.038697997108,3778.3362889895216,207.98701298701297
1785225947,50,POST,/api/predict,5.777778,0.000000,2300,3000,3100,3200,3400,3500,3800,3900,3900,3900,3900,75,0,2200.0,2346.9032637864198,1133.038697997108,3884.7251510014758,175.97333333333333
1785225947,50,GET,/api/status,0.888889,0.000000,1800,3500,3600,3700,3800,3800,3800,3800,3800,3800,3800,12,0,1800.0,2442.7641934998974,1422.3792589909863,3778.3362889895216,421.5
1785225947,50,,Aggregated,6.666667,0.000000,2200,2900,3100,3200,3500,3600,3800,3900,3900,3900,3900,87,0,2200.0,2360.1254609882785,1133.038697997108,3884.7251510014758,209.83908045977012
1785225948,50,POST,/api/predict,6.100000,0.000000,2500,3100,3300,3400,3700,3900,3900,3900,3900,3900,3900,84,0,2400.0,2503.0806829757544,1133.038697997108,3946.4735479996307,176.0595238095238
1785225948,50,GET,/api/status,0.900000,0.000000,3500,3700,3800,3800,4000,4200,4200,4200,4200,4200,4200,14,0,2400.0,2679.9310782153043,1422.3792589909863,4199.231456004782,421.57142857142856
1785225948,50,,Aggregated,7.000000,0.000000,2500,3100,3400,3500,3800,3900,4000,4200,4200,4200,4200,98,0,2400.0,2528.345025152833,1133.038697997108,4199.231456004782,211.1326530612245
1785225949,50,POST,/api/predict,7.000000,0.000000,3000,3300,3500,3700,3900,4200,4300,4400,4400,4400,4400,92,0,2600.0,2653.016915586467,1133.038697997108,4367.7380830049515,176.06521739130434
1785225949,50,GET,/api/status,1.000000,0.000000,3500,3700,3800,3800,4000,4200,4200,4200,4200,4200,4200,14,0,2400.0,2679.9310782153043,1422.3792589909863,4199.231456004782,421.57142857142856
1785225949,50,,Aggregated,8.000000,0.000000,2900,3400,3600,3700,4000,4200,4300,4400,4400,4400,4400,106,0,2500.0,2656.5716163110305,1133.038697997108,4367.7380830049515,208.49056603773585
1785225950,50,POST,/api/predict,7.800000,0.000000,3200,3600,3900,4100,4300,4600,4800,4900,4900,4900,4900,102,0,3000.0,2834.3602154116024,1133.038697997108,4889.8643770080525,176.05882352941177
1785225950,50,GET,/api/status,1.200000,0.000000,3500,3700,3800,3800,4000,4200,4200,4200,4200,4200,4200,14,0,2400.0,2679.9310782153043,1422.3792589909863,4199.231456004782,421.57142857142856
1785225950,50,,Aggregated,9.000000,0.000000,3200,3600,3900,4000,4300,4600,4800,4900,4900,4900,4900,116,0,2900.0,2815.722216094808,1133.038697997108,4889.8643770080525,205.68965517241378
1785225951,50,POST,/api/predict,8.400000,0.000000,3400,3900,4200,4400,4800,4900,5000,5000,5000,5000,5000,111,0,3100.0,2999.085191008923,1133.038697997108,4988.818993995665,176.05405405405406
1785225951,50,GET,/api/status,1.400000,0.000000,3500,3700,3800,3800,4000,4200,4200,4200,4200,4200,4200,14,0,2400.0,2679.9310782153043,1422.3792589909863,4199.231456004782,421.57142857142856
1785225951,50,,Aggregated,9.800000,0.000000,3500,3900,4200,4300,4800,4900,5000,5000,5000,5000,5000,125,0,3100.0,2963.339930376038,1133.038697997108,4988.818993995665,203.552
1785225952,50,POST,/api/predict,8.600000,0.000000,3800,4200,4700,4800,4900,5000,5000,5200,5200,5200,5200,119,0,3200.0,3130.8637452350945,1133.038697997108,5248.501898997347,176.109243697479
1785225952,50,GET,/api/status,1.400000,0.000000,3600,3700,4000,4000,4200,5300,5300,5300,5300,5300,5300,15,0,2500.0,2852.6724840679285,1422.3792589909863,5271.052166004665,421.6666666666667
1785225952,50,,Aggregated,10.000000,0.000000,3800,4200,4600,4800,4900,5000,5200,5300,5300,5300,5300,134,0,3100.0,3099.7229324178743,1133.038697997108,5271.052166004665,203.59701492537314
1785225953,50,POST,/api/predict,8.700000,0.000000,4100,4600,4800,4900,5000,5200,5400,5400,5400,5400,5400,125,0,3300.0,3234.123124199803,1133.038697997108,5440.718686993932,176.184
1785225953,50,GET,/api/status,1.100000,0.000000,3800,4000,4200,4200,5300,5300,5300,5300,5300,5300,5300,15,0,2500.0,2852.6724840679285,1422.3792589909863,5271.052166004665,421.6666666666667
1785225953,50,,Aggregated,9.800000,0.000000,4000,4500,4800,4900,5000,5200,5400,5400,5400,5400,5400,140,0,3200.0,3193.253412757102,1133.038697997108,5440.718686993932,202.4857142857143
1785225954,50,POST,/api/predict,8.800000,0.000000,4300,4900,5000,5000,5400,5500,5700,5700,5700,5700,5700,134,0,3400.0,3388.269392074583,1133.038697997108,5724.711029994069,176.1044776119403
1785225954,50,GET,/api/status,0.600000,0.000000,3800,4000,4200,4200,5300,5300,5300,5300,5300,5300,5300,15,0,2500.0,2852.6724840679285,1422.3792589909863,5271.052166004665,421.6666666666667
1785225954,50,,Aggregated,9.400000,0.000000,4200,4800,4900,5000,5400,5500,5700,5700,5700,5700,5700,149,0,3400.0,3334.3502402618324,1133.038697997108,5724.711029994069,200.8255033557047
1785225955,50,POST,/api/predict,8.600000,0.000000,4800,5000,5400,5400,5500,5600,5700,5700,5700,5700,5700,143,0,3500.0,3522.0139336921243,1133.038697997108,5724.711029994069,176.08391608391608
1785225955,50,GET,/api/status,0.700000,0.000000,4000,4200,5300,5300,6100,6100,6100,6100,6100,6100,6100,16,0,2500.0,3058.1280818760206,1422.3792589909863,6139.962048997404,421.75
1785225955,50,,Aggregated,9.300000,0.000000,4800,5000,5300,5400,5500,5600,5700,6100,6100,6100,6100,159,0,3500.0,3475.3335964024536,1133.038697997108,6139.962048997404,200.80503144654088
1785225956,50,POST,/api/predict,8.300000,0.000000,4900,5200,5400,5400,5500,5600,5700,5700,5700,5700,5700,152,0,3700.0,3626.3393443417667,1133.038697997108,5724.711029994069,176.15131578947367
1785225956,50,GET,/api/status,0.700000,0.000000,4200,5300,5800,5800,6100,6100,6100,6100,6100,6100,6100,17,0,3500.0,3220.7212523533276,1422.3792589909863,6139.962048997404,421.8235294117647
1785225956,50,,Aggregated,9.000000,0.000000,4900,5200,5400,5400,5500,5700,5800,6100,6100,6100,6100,169,0,3700.0,3585.537524437604,1133.038697997108,6139.962048997404,200.8639053254438
1785225957,50,POST,/api/predict,8.400000,0.000000,5100,5300,5400,5400,5500,5600,5700,5700,5700,5700,5700,161,0,3900.0,3723.140870049319,1133.038697997108,5724.711029994069,176.19254658385094
1785225957,50,GET,/api/status,0.700000,0.000000,5300,5800,5800,6100,6100,6100,6100,6100,6100,6100,6100,17,0,3500.0,3220.7212523533276,1422.3792589909863,6139.962048997404,421.8235294117647
1785225957,50,,Aggregated,9.100000,0.000000,5200,5300,5400,5400,5500,5700,5800,6100,6100,6100,6100,178,0,3800.0,3675.15697397723,1133.038697997108,6139.962048997404,199.65168539325842
1785225958,50,POST,/api/predict,8.500000,0.000000,5300,5400,5400,5500,5500,5600,5700,5700,5700,5700,5700,170,0,4100.0,3810.8500426465657,1133.038697997108,5724.711029994069,176.25294117647059
1785225958,50,GET,/api/status,0.800000,0.000000,5300,5800,5800,6100,6100,6100,6100,6100,6100,6100,6100,17,0,3500.0,3220.7212523533276,1422.3792589909863,6139.962048997404,421.8235294117647
1785225958,50,,Aggregated,9.300000,0.000000,5300,5400,5400,5500,5600,5700,5800,6100,6100,6100,6100,187,0,3900.0,3757.201970801726,1133.038697997108,6139.962048997404,198.57754010695186
1785225959,50,POST,/api/predict,8.500000,0.000000,5300,5400,5400,5500,5500,5600,5700,5700,5700,5700,5700,178,0,4200.0,3864.370476741202,1133.038697997108,5724.711029994069,176.30898876404495
1785225959,50,GET,/api/status,0.700000,0.000000,5300,5800,5800,6100,6100,6100,6100,6100,6100,6100,6100,17,0,3500.0,3220.7212523533276,1422.3792589909863,6139.962048997404,421.8235294117647
1785225959,50,,Aggregated,9.200000,0.000000,5300,5400,5400,5500,5600,5700,5800,6100,6100,6100,6100,195,0,4100.0,3808.2574674355924,1133.038697997108,6139.962048997404,197.7128205128205
1785225960,50,POST,/api/predict,8.600000,0.000000,5300,5400,5400,5500,5500,5600,5700,5700,5700,5700,5700,187,0,4300.0,3921.1828497267716,1133.038697997108,5724.711029994069,176.32620320855614
1785225960,50,GET,/api/status,0.500000,0.000000,5800,5800,6100,6100,6100,6100,6100,6100,6100,6100,6100,18,0,3500.0,3337.669964055951,1422.3792589909863,6139.962048997404,421.8888888888889
1785225960,50,,Aggregated,9.100000,0.000000,5300,5400,5400,5500,5600,5700,5800,6100,6100,6100,6100,205,0,4200.0,3869.9475719605534,1133.038697997108,6139.962048997404,197.88780487804877
1785225961,50,POST,/api/predict,8.700000,0.000000,5300,5400,5400,5500,5500,5600,5700,5700,5700,5700,5700,196,0,4600.0,3972.002189969038,1133.038697997108,5724.711029994069,176.3673469387755
1785225961,50,GET,/api/status,0.300000,0.000000,5500,5800,5800,6100,6100,6100,6100,6100,6100,6100,6100,19,0,3600.0,3449.9000892637446,1422.3792589909863,6139.962048997404,421.94736842105266
1785225961,50,,Aggregated,9.000000,0.000000,5300,5400,5400,5500,5600,5700,5800,6100,6100,6100,6100,215,0,4300.0,3925.8629345578724,1133.038697997108,6139.962048997404,198.06976744186048
1785225962,50,POST,/api/predict,8.600000,0.000000,5300,5400,5400,5500,5500,5600,5700,5700,5700,5700,5700,205,0,4700.0,4003.897379292317,1133.038697997108,5724.711029994069,176.390243902439
1785225962,50,GET,/api/status,0.300000,0.000000,5300,5400,5500,5800,6100,6100,6100,6100,6100,6100,6100,24,0,3800.0,3815.1394318350262,1422.3792589909863,6139.962048997404,421.9583333333333
1785225962,50,,Aggregated,8.900000,0.000000,5300,5400,5400,5500,5500,5700,5800,6100,6100,6100,6100,229,0,4600.0,3984.114886982383,1133.038697997108,6139.962048997404,202.12663755458516
1785225963,50,POST,/api/predict,8.600000,0.000000,5200,5300,5400,5400,5500,5600,5700,5700,5700,5700,5700,213,0,4600.0,4025.1392065066443,1133.038697997108,5724.711029994069,176.38967136150234
1785225963,50,GET,/api/status,0.500000,0.000000,5300,5400,5500,5800,6100,6100,6100,6100,6100,6100,6100,25,0,4000.0,3863.095629121526,1422.3792589909863,6139.962048997404,421.96
1785225963,50,,Aggregated,9.100000,0.000000,5200,5300,5400,5400,5500,5700,5800,6100,6100,6100,6100,238,0,4600.0,4008.117822327535,1133.038697997108,6139.962048997404,202.18487394957984
1785225964,50,POST,/api/predict,8.500000,0.000000,5100,5300,5300,5400,5400,5500,5600,5600,5600,5600,5600,222,0,4500.0,4037.1041757880284,1133.038697997108,5724.711029994069,176.35585585585585
1785225964,50,GET,/api/status,0.600000,0.000000,5200,5300,5500,5500,5800,6100,6100,6100,6100,6100,6100,27,0,4200.0,3939.145066742505,1422.3792589909863,6139.962048997404,422.037037037037
1785225964,50,,Aggregated,9.100000,0.000000,5100,5300,5300,5400,5500,5500,5800,6100,6100,6100,6100,249,0,4500.0,4026.482103722851,1133.038697997108,6139.962048997404,202.99598393574297
1785225965,50,POST,/api/predict,8.600000,0.000000,5000,5100,5200,5300,5400,5400,5500,5600,5600,5600,5600,231,0,4500.0,4051.0624995970697,1133.038697997108,5724.711029994069,176.36796536796535
1785225965,50,GET,/api/status,0.900000,0.000000,5100,5300,5400,5500,5800,6100,6100,6100,6100,6100,6100,28,0,4200.0,3962.322786573038,1422.3792589909863,6139.962048997404,422.07142857142856
1785225965,50,,Aggregated,9.500000,0.000000,5000,5100,5200,5300,5400,5400,5500,5600,5600,5600,5600,259,0,4500.0,4041.4690171079856,1133.038697997108,6139.962048997404,202.93050193050192
1785225966,50,POST,/api/predict,8.900000,0.000000,4900,5000,5100,5100,5400,5400,5500,5600,5600,5600,5600,240,0,4500.0,4066.673933062278,1133.038697997108,5724.711029994069,176.3375
1785225966,50,GET,/api/status,1.000000,0.000000,5100,5300,5400,5500,5800,6100,6100,6100,6100,6100,6100,28,0,4200.0,3962.322786573038,1422.3792589909863,6139.962048997404,422.07142857142856
1785225966,50,,Aggregated,9.900000,0.000000,4900,5100,5100,5200,5400,5400,5500,5600,5600,5600,5600,268,0,4500.0,4055.7715744738493,1133.038697997108,6139.962048997404,202.01119402985074
1785225967,50,POST,/api/predict,8.800000,0.000000,4600,4900,5000,5100,5100,5300,5500,5600,5600,5600,5600,249,0,4500.0,4085.53915338533,1133.038697997108,5724.711029994069,176.32530120481928
1785225967,50,GET,/api/status,1.300000,0.000000,5100,5100,5300,5300,5400,5500,5500,5500,5500,5500,5500,29,0,4600.0,3990.282712760181,1422.3792589909863,6139.962048997404,422.1034482758621
1785225967,50,,Aggregated,10.100000,0.000000,4700,5000,5100,5100,5200,5400,5500,5600,5600,5600,5600,278,0,4500.0,4075.60233044242,1133.038697997108,6139.962048997404,201.9640287769784
1785225968,50,POST,/api/predict,8.700000,0.000000,4600,4800,4900,5000,5100,5100,5100,5200,5200,5200,5200,257,0,4500.0,4108.571696618471,1133.038697997108,5724.711029994069,176.33463035019454
1785225968,50,GET,/api/status,1.100000,0.000000,5100,5100,5300,5300,5400,5500,5500,5500,5500,5500,5500,29,0,4600.0,3990.282712760181,1422.3792589909863,6139.962048997404,422.1034482758621
1785225968,50,,Aggregated,9.800000,0.000000,4700,4900,5000,5000,5100,5200,5400,5500,5500,5500,5500,286,0,4500.0,4096.577359094379,1133.038697997108,6139.962048997404,201.25524475524475
1785225969,50,POST,/api/predict,8.700000,0.000000,4600,4800,4900,5000,5100,5100,5100,5200,5200,5200,5200,266,0,4600.0,4137.594196789243,1133.038697997108,5724.711029994069,176.28947368421052
1785225969,50,GET,/api/status,1.100000,0.000000,5100,5100,5300,5300,5400,5500,5500,5500,5500,5500,5500,29,0,4600.0,3990.282712760181,1422.3792589909863,6139.962048997404,422.1034482758621
1785225969,50,,Aggregated,9.800000,0.000000,4700,4900,5000,5000,5100,5200,5400,5500,5500,5500,5500,295,0,4600.0,4123.112728867742,1133.038697997108,6139.962048997404,200.4542372881356
1785225970,50,POST,/api/predict,8.700000,0.000000,4600,4800,4800,4900,5000,5100,5100,5200,5200,5200,5200,275,0,4600.0,4155.963107196204,1133.038697997108,5724.711029994069,176.3018181818182
1785225970,50,GET,/api/status,1.200000,0.000000,5100,5200,5300,5300,5400,5400,5400,5400,5400,5400,5400,35,0,4900.0,4195.005908601369,1422.3792589909863,6139.962048997404,422.1142857142857
1785225970,50,,Aggregated,9.900000,0.000000,4700,4800,4900,5000,5100,5200,5300,5400,5400,5400,5400,310,0,4600.0,4160.3711654193685,1133.038697997108,6139.962048997404,204.05483870967743
1785225971,50,POST,/api/predict,8.700000,0.000000,4600,4600,4700,4800,4900,5000,5100,5100,5100,5100,5100,284,0,4600.0,4168.2827497920525,1133.038697997108,5724.711029994069,176.2605633802817
1785225971,50,GET,/api/status,1.200000,0.000000,5100,5100,5200,5200,5300,5400,5400,5400,5400,5400,5400,36,0,4900.0,4215.805526473559,1422.3792589909863,6139.962048997404,422.1388888888889
1785225971,50,,Aggregated,9.900000,0.000000,4600,4800,4800,4900,5100,5100,5300,5300,5400,5400,5400,320,0,4600.0,4173.629062168722,1133.038697997108,6139.962048997404,203.921875
1785225972,50,POST,/api/predict,8.700000,0.000000,4500,4600,4700,4800,4900,5000,5100,5100,5100,5100,5100,293,0,4600.0,4176.99377376085,1133.038697997108,5724.711029994069,176.2627986348123
1785225972,50,GET,/api/status,1.200000,0.000000,4900,5000,5200,5300,5300,5400,5400,5400,5400,5400,5400,37,0,4900.0,4235.19622856858,1422.3792589909863,6139.962048997404,422.1621621621622
1785225972,50,,Aggregated,9.900000,0.000000,4600,4700,4800,4900,5000,5100,5300,5400,5400,5400,5400,330,0,4600.0,4183.519503542322,1133.038697997108,6139.962048997404,203.83333333333334
1785225973,50,POST,/api/predict,8.700000,0.000000,4500,4600,4700,4800,4900,5000,5100,5100,5100,5100,5100,302,0,4500.0,4184.120233628932,1133.038697997108,5724.711029994069,176.26158940397352
1785225973,50,GET,/api/status,1.600000,0.000000,4900,5000,5300,5300,5300,5400,5400,5400,5400,5400,5400,37,0,4900.0,4235.19622856858,1422.3792589909863,6139.962048997404,422.1621621621622
1785225973,50,,Aggregated,10.300000,0.000000,4600,4700,4800,4900,5000,5100,5300,5400,5400,5400,5400,339,0,4600.0,4189.694899743288,1133.038697997108,6139.962048997404,203.10029498525074
1785225974,50,POST,/api/predict,8.700000,0.000000,4500,4600,4700,4800,4900,5000,5100,5100,5100,5100,5100,312,0,4500.0,4188.555118663343,1133.038697997108,5724.711029994069,176.26282051282053
1785225974,50,GET,/api/status,1.600000,0.000000,4900,5000,5300,5300,5300,5400,5400,5400,5400,5400,5400,37,0,4900.0,4235.19622856858,1422.3792589909863,6139.962048997404,422.1621621621622
1785225974,50,,Aggregated,10.300000,0.000000,4500,4700,4800,4800,5000,5100,5300,5400,5400,5400,5400,349,0,4500.0,4193.49987816619,1133.038697997108,6139.962048997404,202.3323782234957
1785225975,50,POST,/api/predict,8.900000,0.000000,4500,4600,4700,4800,4900,5000,5100,5100,5100,5100,5100,320,0,4500.0,4197.136140999874,1133.038697997108,5724.711029994069,176.26875
1785225975,50,GET,/api/status,1.300000,0.000000,5000,5200,5300,5300,5400,5400,5400,5400,5400,5400,5400,38,0,4900.0,4245.385067079807,1422.3792589909863,6139.962048997404,422.1842105263158
1785225975,50,,Aggregated,10.200000,0.000000,4600,4700,4800,4800,5000,5100,5300,5400,5400,5400,5400,358,0,4500.0,4202.2575353882485,1133.038697997108,6139.962048997404,202.37150837988827
1785225976,50,POST,/api/predict,8.900000,0.000000,4600,4700,4800,4800,4900,5000,5100,5100,5100,5100,5100,330,0,4500.0,4217.125811263615,1133.038697997108,5724.711029994069,176.26060606060605
1785225976,50,GET,/api/status,1.200000,0.000000,5000,5200,5300,5300,5400,5400,5400,5400,5400,5400,5400,38,0,4900.0,4245.385067079807,1422.3792589909863,6139.962048997404,422.1842105263158
1785225976,50,,Aggregated,10.100000,0.000000,4600,4800,4800,4900,5000,5100,5300,5400,5400,5400,5400,368,0,4600.0,4220.0438865924625,1133.038697997108,6139.962048997404,201.6548913043478
1785225977,50,POST,/api/predict,9.000000,0.000000,4600,4800,4800,4900,5000,5000,5100,5100,5100,5100,5100,338,0,4500.0,4233.117670511872,1133.038697997108,5724.711029994069,176.2662721893491
1785225977,50,GET,/api/status,0.900000,0.000000,5000,5200,5300,5300,5300,5400,5400,5400,5400,5400,5400,39,0,4900.0,4270.680922949582,1422.3792589909863,6139.962048997404,422.2307692307692
1785225977,50,,Aggregated,9.900000,0.000000,4600,4800,4900,4900,5000,5200,5300,5400,5400,5400,5400,377,0,4600.0,4237.003524212326,1133.038697997108,6139.962048997404,201.71087533156498
1785225978,50,POST,/api/predict,9.000000,0.000000,4600,4800,4900,4900,5100,5100,5100,5200,5200,5200,5200,346,0,4600.0,4253.116820771791,1133.038697997108,5724.711029994069,176.26300578034682
1785225978,50,GET,/api/status,1.000000,0.000000,5200,5200,5300,5300,5400,5400,5400,5400,5400,5400,5400,39,0,4900.0,4270.680922949582,1422.3792589909863,6139.962048997404,422.2307692307692
1785225978,50,,Aggregated,10.000000,0.000000,4600,4900,4900,5000,5100,5200,5300,5400,5400,5400,5400,385,0,4600.0,4254.89604151188,1133.038697997108,6139.962048997404,201.17922077922077
1785225979,50,POST,/api/predict,9.000000,0.000000,4600,4800,4900,5000,5100,5100,5200,5200,5200,5200,5200,355,0,4600.0,4274.898969735354,1133.038697997108,5724.711029994069,176.30985915492957
1785225979,50,GET,/api/status,1.000000,0.000000,5200,5300,5300,5300,5400,5400,5400,5400,5400,5400,5400,40,0,4900.0,4299.867772325888,1422.3792589909863,6139.962048997404,422.325
1785225979,50,,Aggregated,10.000000,0.000000,4700,4900,5000,5100,5100,5200,5400,5400,5400,5400,5400,395,0,4600.0,4277.427456073637,1133.038697997108,6139.962048997404,201.22278481012657
1785225980,50,POST,/api/predict,8.900000,0.000000,4800,4900,5000,5000,5100,5100,5200,5200,5200,5200,5200,364,0,4600.0,4292.885214621014,1133.038697997108,5724.711029994069,176.29945054945054
1785225980,50,GET,/api/status,1.000000,0.000000,5200,5200,5400,5400,5500,5500,5500,5500,5500,5500,5500,41,0,4900.0,4329.893730268828,1422.3792589909863,6139.962048997404,422.4146341463415
1785225980,50,,Aggregated,9.900000,0.000000,4800,4900,5000,5100,5100,5200,5400,5500,5500,5500,5500,405,0,4600.0,4296.631755711287,1133.038697997108,6139.962048997404,201.21481481481482
1785225981,50,POST,/api/predict,8.900000,0.000000,4900,5000,5100,5100,5100,5200,5200,5300,5300,5300,5300,372,0,4600.0,4310.190081653332,1133.038697997108,5724.711029994069,176.31720430107526
1785225981,50,GET,/api/status,1.000000,0.000000,5200,5400,5400,5500,5500,5500,5500,5500,5500,5500,5500,41,0,4900.0,4329.893730268828,1422.3792589909863,6139.962048997404,422.4146341463415
1785225981,50,,Aggregated,9.900000,0.000000,4900,5000,5100,5100,5100,5200,5400,5500,5500,5500,5500,413,0,4600.0,4312.146133937195,1133.038697997108,6139.962048997404,200.74818401937046
1785225982,50,POST,/api/predict,8.900000,0.000000,4900,5000,5100,5100,5100,5200,5200,5300,5300,5300,5300,381,0,4600.0,4323.160739417487,1133.038697997108,5724.711029994069,176.31496062992127
1785225982,50,GET,/api/status,1.200000,0.000000,5300,5300,5400,5400,5500,5500,5500,5500,5500,5500,5500,45,0,5000.0,4416.070253578235,1422.3792589909863,6139.962048997404,422.73333333333335
1785225982,50,,Aggregated,10.100000,0.000000,4900,5000,5100,5100,5200,5300,5400,5500,5500,5500,5500,426,0,4700.0,4332.9751247161585,1133.038697997108,6139.962048997404,202.3450704225352
1785225983,50,POST,/api/predict,8.900000,0.000000,4900,5000,5100,5100,5100,5200,5200,5300,5300,5300,5300,390,0,4700.0,4334.897174056583,1133.038697997108,5724.711029994069,176.31794871794872
1785225983,50,GET,/api/status,0.600000,0.000000,5300,5400,5400,5400,5500,5500,5500,5500,5500,5500,5500,45,0,5000.0,4416.070253578235,1422.3792589909863,6139.962048997404,422.73333333333335
1785225983,50,,Aggregated,9.500000,0.000000,4900,5000,5100,5100,5200,5300,5400,5500,5500,5500,5500,435,0,4700.0,4343.294389179513,1133.038697997108,6139.962048997404,201.80919540229885
1785225984,50,POST,/api/predict,8.900000,0.000000,4900,5000,5100,5100,5100,5200,5200,5300,5300,5300,5300,399,0,4700.0,4343.949367671818,1133.038697997108,5724.711029994069,176.31578947368422
1785225984,50,GET,/api/status,0.800000,0.000000,5300,5300,5400,5400,5500,5500,5500,5500,5500,5500,5500,46,0,5000.0,4432.5464716524075,1422.3792589909863,6139.962048997404,422.80434782608694
1785225984,50,,Aggregated,9.700000,0.000000,4900,5000,5100,5100,5200,5300,5400,5500,5500,5500,5500,445,0,4700.0,4353.107719993408,1133.038697997108,6139.962048997404,201.79550561797754
1785225985,50,POST,/api/predict,8.700000,0.000000,4900,5000,5100,5100,5100,5200,5200,5300,5300,5300,5300,407,0,4700.0,4350.157063589793,1133.038697997108,5724.711029994069,176.3194103194103
1785225985,50,GET,/api/status,0.800000,0.000000,5200,5300,5400,5400,5400,5500,5500,5500,5500,5500,5500,48,0,5000.0,4464.027343771098,1422.3792589909863,6139.962048997404,422.9166666666667
1785225985,50,,Aggregated,9.500000,0.000000,5000,5100,5100,5100,5200,5300,5400,5500,5500,5500,5500,455,0,4700.0,4362.169752488041,1133.038697997108,6139.962048997404,202.33406593406593
1785225986,50,POST,/api/predict,8.700000,0.000000,4900,5000,5100,5100,5100,5200,5200,5300,5300,5300,5300,416,0,4700.0,4353.879411175621,1133.038697997108,5724.711029994069,176.29807692307693
1785225986,50,GET,/api/status,0.900000,0.000000,5200,5300,5400,5400,5400,5500,5500,5500,5500,5500,5500,50,0,5000.0,4481.830922020308,1422.3792589909863,6139.962048997404,423.04
1785225986,50,,Aggregated,9.600000,0.000000,4900,5100,5100,5100,5200,5300,5400,5500,5500,5500,5500,466,0,4700.0,4367.608114055953,1133.038697997108,6139.962048997404,202.7725321888412
1785225987,50,POST,/api/predict,8.700000,0.000000,4800,5000,5000,5100,5100,5200,5200,5300,5300,5300,5300,425,0,4700.0,4360.79941191543,1133.038697997108,5724.711029994069,176.29176470588234
1785225987,50,GET,/api/status,0.900000,0.000000,5200,5300,5300,5400,5400,5500,5500,5500,5500,5500,5500,51,0,5000.0,4494.718231509871,1422.3792589909863,6139.962048997404,423.0980392156863
1785225987,50,,Aggregated,9.600000,0.000000,4900,5000,5100,5100,5200,5300,5400,5500,5500,5500,5500,476,0,4700.0,4375.147856871978,1133.038697997108,6139.962048997404,202.73529411764707
1785225988,50,POST,/api/predict,8.600000,0.000000,4800,4900,5000,5000,5100,5100,5200,5300,5300,5300,5300,433,0,4700.0,4368.076895067115,1133.038697997108,5724.711029994069,176.30254041570439
1785225988,50,GET,/api/status,1.000000,0.000000,5200,5300,5400,5400,5400,5500,5500,5500,5500,5500,5500,51,0,5000.0,4494.718231509871,1422.3792589909863,6139.962048997404,423.0980392156863
1785225988,50,,Aggregated,9.600000,0.000000,4800,5000,5100,5100,5200,5300,5400,5500,5500,5500,5500,484,0,4700.0,4381.421333411291,1133.038697997108,6139.962048997404,202.30785123966942
1785225989,50,POST,/api/predict,8.600000,0.000000,4800,4800,4900,4900,5100,5100,5200,5300,5300,5300,5300,442,0,4700.0,4376.008073970743,1133.038697997108,5724.711029994069,176.29638009049773
1785225989,50,GET,/api/status,1.200000,0.000000,5200,5300,5300,5400,5400,5500,5500,5500,5500,5500,5500,52,0,5000.0,4505.91446632713,1422.3792589909863,6139.962048997404,423.15384615384613
1785225989,50,,Aggregated,9.800000,0.000000,4800,4900,5000,5000,5200,5200,5300,5400,5400,5400,5400,494,0,4700.0,4389.682431060892,1133.038697997108,6139.962048997404,202.28137651821862
1785225990,50,POST,/api/predict,8.700000,0.000000,4700,4800,4800,4800,5000,5000,5100,5200,5200,5200,5200,450,0,4700.0,4379.1395647245945,1133.038697997108,5724.711029994069,176.3022222222222
1785225990,50,GET,/api/status,1.200000,0.000000,5200,5200,5200,5300,5300,5400,5400,5400,5400,5400,5400,55,0,5000.0,4530.4653401454825,1422.3792589909863,6139.962048997404,423.3454545454546
1785225990,50,,Aggregated,9.900000,0.000000,4800,4800,4900,4900,5100,5200,5300,5400,5400,5400,5400,505,0,4700.0,4395.620589770436,1133.038697997108,6139.962048997404,203.20792079207922
1785225991,50,POST,/api/predict,8.600000,0.000000,4700,4800,4800,4800,4800,4900,5000,5000,5000,5000,5000,459,0,4700.0,4385.558932438006,1133.038697997108,5724.711029994069,176.2962962962963
1785225991,50,GET,/api/status,1.200000,0.000000,5100,5200,5200,5200,5200,5400,5400,5400,5400,5400,5400,55,0,5000.0,4530.4653401454825,1422.3792589909863,6139.962048997404,423.3454545454546
1785225991,50,,Aggregated,9.800000,0.000000,4700,4800,4800,4800,4900,5200,5200,5400,5400,5400,5400,514,0,4700.0,4401.064481900871,1133.038697997108,6139.962048997404,202.73151750972764
1785225992,50,POST,/api/predict,8.700000,0.000000,4700,4800,4800,4800,4800,4800,4900,4900,4900,4900,4900,468,0,4700.0,4393.298136160357,1133.038697997108,5724.711029994069,176.30128205128204
1785225992,50,GET,/api/status,1.200000,0.000000,5100,5200,5200,5200,5200,5200,5200,5200,5200,5200,5200,56,0,5000.0,4542.412559357087,1422.3792589909863,6139.962048997404,423.4107142857143
1785225992,50,,Aggregated,9.900000,0.000000,4700,4800,4800,4800,4900,5200,5200,5200,5200,5200,5200,524,0,4700.0,4409.234028715735,1133.038697997108,6139.962048997404,202.70992366412213
1785225993,50,POST,/api/predict,8.600000,0.000000,4700,4800,4800,4800,4800,4800,5000,5100,5100,5100,5100,476,0,4700.0,4401.16597273954,1133.038697997108,5724.711029994069,176.30882352941177
1785225993,50,GET,/api/status,1.400000,0.000000,5100,5200,5200,5200,5200,5200,5200,5200,5200,5200,5200,56,0,5000.0,4542.412559357087,1422.3792589909863,6139.962048997404,423.4107142857143
1785225993,50,,Aggregated,10.000000,0.000000,4700,4800,4800,4800,4900,5100,5200,5200,5200,5200,5200,532,0,4700.0,4416.034034488758,1133.038697997108,6139.962048997404,202.31954887218046
1785225994,50,POST,/api/predict,8.600000,0.000000,4700,4800,4800,4800,4800,4900,5000,5100,5100,5100,5100,484,0,4700.0,4407.2319974876045,1133.038697997108,5724.711029994069,176.29752066115702
1785225994,50,GET,/api/status,1.200000,0.000000,5100,5200,5200,5200,5200,5300,5300,5300,5300,5300,5300,58,0,5100.0,4565.575266844776,1422.3792589909863,6139.962048997404,423.5
1785225994,50,,Aggregated,9.800000,0.000000,4700,4800,4800,4800,5000,5200,5200,5300,5300,5300,5300,542,0,4700.0,4424.176480186344,1133.038697997108,6139.962048997404,202.7509225092251
1785225995,50,POST,/api/predict,8.700000,0.000000,4700,4800,4800,4800,4800,4900,5000,5100,5100,5100,5100,492,0,4700.0,4411.496725876007,1133.038697997108,5724.711029994069,176.2987804878049
1785225995,50,GET,/api/status,1.100000,0.000000,5000,5100,5100,5200,5200,5300,5300,5300,5300,5300,5300,61,0,5000.0,4588.23218068836,1422.3792589909863,6139.962048997404,423.62295081967216
1785225995,50,,Aggregated,9.800000,0.000000,4700,4800,4800,4800,5000,5100,5200,5300,5300,5300,5300,553,0,4700.0,4430.99195687701,1133.038697997108,6139.962048997404,203.58047016274864
1785225996,50,POST,/api/predict,8.500000,0.000000,4700,4800,4800,4800,4800,4900,5000,5100,5100,5100,5100,501,0,4700.0,4411.770355033912,1133.038697997108,5724.711029994069,176.30738522954093
1785225996,50,GET,/api/status,1.000000,0.000000,5000,5100,5100,5100,5200,5300,5300,5300,5300,5300,5300,66,0,5000.0,4612.000335060161,1422.3792589909863,6139.962048997404,423.8787878787879
1785225996,50,,Aggregated,9.500000,0.000000,4700,4800,4800,4900,5000,5100,5200,5300,5300,5300,5300,567,0,4700.0,4435.077548476123,1133.038697997108,6139.962048997404,205.1252204585538
1785225997,50,POST,/api/predict,8.500000,0.000000,4700,4700,4800,4800,4800,4900,5000,5100,5100,5100,5100,510,0,4700.0,4413.015516737264,1133.038697997108,5724.711029994069,176.31372549019608
1785225997,50,GET,/api/status,1.500000,0.000000,5000,5100,5100,5100,5200,5300,5300,5300,5300,5300,5300,66,0,5000.0,4612.000335060161,1422.3792589909863,6139.962048997404,423.8787878787879
1785225997,50,,Aggregated,10.000000,0.000000,4700,4800,4800,4900,5000,5100,5200,5300,5300,5300,5300,576,0,4700.0,4435.8158605034305,1133.038697997108,6139.962048997404,204.68055555555554
1785225998,50,POST,/api/predict,8.500000,0.000000,4700,4700,4800,4800,4800,4900,5000,5100,5100,5100,5100,518,0,4700.0,4414.14432919499,1133.038697997108,5724.711029994069,176.3166023166023
1785225998,50,GET,/api/status,1.600000,0.000000,5000,5000,5100,5200,5200,5300,5300,5300,5300,5300,5300,66,0,5000.0,4612.000335060161,1422.3792589909863,6139.962048997404,423.8787878787879
1785225998,50,,Aggregated,10.100000,0.000000,4700,4800,4800,4900,5000,5100,5200,5300,5300,5300,5300,584,0,4700.0,4436.504768214,1133.038697997108,6139.962048997404,204.2945205479452
1785225999,50,POST,/api/predict,8.500000,0.000000,4600,4700,4700,4800,4800,4900,5000,5100,5100,5100,5100,527,0,4700.0,4416.641105030381,1133.038697997108,5724.711029994069,176.32637571157494
1785225999,50,GET,/api/status,1.600000,0.000000,5000,5000,5000,5100,5200,5300,5300,5300,5300,5300,5300,66,0,5000.0,4612.000335060161,1422.3792589909863,6139.962048997404,423.8787878787879
1785225999,50,,Aggregated,10.100000,0.000000,4700,4700,4800,4800,5000,5000,5200,5300,5300,5300,5300,593,0,4700.0,4438.384290834709,1133.038697997108,6139.962048997404,203.8785834738617
1785226000,50,POST,/api/predict,8.500000,0.000000,4700,4700,4800,4800,4900,5000,5000,5100,5100,5100,5100,535,0,4700.0,4422.636474863568,1133.038697997108,5724.711029994069,176.30654205607476
1785226000,50,GET,/api/status,1.500000,0.000000,5000,5000,5100,5100,5200,5300,5300,5300,5300,5300,5300,67,0,5000.0,4619.537182521934,1422.3792589909863,6139.962048997404,423.92537313432837
1785226000,50,,Aggregated,10.000000,0.000000,4700,4800,4800,4900,5000,5100,5200,5300,5300,5300,5300,602,0,4700.0,4444.550673224218,1133.038697997108,6139.962048997404,203.8654485049834
1785226001,50,POST,/api/predict,8.500000,0.000000,4700,4800,4800,4800,5000,5000,5100,5200,5200,5200,5200,543,0,4700.0,4430.327162418072,1133.038697997108,5724.711029994069,176.29834254143645
1785226001,50,GET,/api/status,1.500000,0.000000,5000,5100,5100,5200,5200,5300,5300,5300,5300,5300,5300,68,0,5000.0,4628.100154455537,1422.3792589909863,6139.962048997404,423.97058823529414
1785226001,50,,Aggregated,10.000000,0.000000,4700,4800,4900,5000,5000,5100,5200,5300,5300,5300,5300,611,0,4700.0,4452.337904576088,1133.038697997108,6139.962048997404,203.86252045826515
1785226002,50,POST,/api/predict,8.500000,0.000000,4700,4800,4900,5000,5300,5300,5400,5400,5400,5400,5400,552,0,4700.0,4445.067397557964,1133.038697997108,5724.711029994069,176.29528985507247
1785226002,50,GET,/api/status,1.300000,0.000000,5000,5000,5100,5100,5200,5300,5300,5300,5300,5300,5300,68,0,5000.0,4628.100154455537,1422.3792589909863,6139.962048997404,423.97058823529414
1785226002,50,,Aggregated,9.800000,0.000000,4700,4900,5000,5000,5300,5300,5400,5400,5400,5400,5400,620,0,4700.0,4465.141957991892,1133.038697997108,6139.962048997404,203.45967741935485
1785226003,50,POST,/api/predict,8.500000,0.000000,4700,4800,4900,5000,5300,5400,5500,5500,5500,5500,5500,554,0,4700.0,4448.93880240613,1133.038697997108,5724.711029994069,176.29602888086643
1785226003,50,GET,/api/status,1.300000,0.000000,5000,5000,5100,5100,5200,5300,5300,5300,5300,5300,5300,68,0,5000.0,4628.100154455537,1422.3792589909863,6139.962048997404,423.97058823529414
1785226003,50,,Aggregated,9.800000,0.000000,4700,4900,5000,5100,5300,5300,5500,5500,5500,5500,5500,622,0,4700.0,4468.525574012819,1133.038697997108,6139.962048997404,203.37299035369776
1785226004,50,POST,/api/predict,8.500000,0.000000,4700,4800,4900,5100,5300,5400,5500,5500,5500,5500,5500,554,0,4700.0,4448.93880240613,1133.038697997108,5724.711029994069,176.29602888086643
1785226004,50,GET,/api/status,1.300000,0.000000,5000,5000,5100,5100,5200,5200,5200,5200,5200,5200,5200,68,0,5000.0,4628.100154455537,1422.3792589909863,6139.962048997404,423.97058823529414
1785226004,50,,Aggregated,9.800000,0.000000,4700,4800,5000,5100,5300,5400,5500,5500,5500,5500,5500,622,0,4700.0,4468.525574012819,1133.038697997108,6139.962048997404,203.37299035369776
1785226005,50,POST,/api/predict,8.500000,0.000000,4700,4800,5000,5200,5300,5400,5500,5500,5500,5500,5500,554,0,4700.0,4448.93880240613,1133.038697997108,5724.711029994069,176.29602888086643
1785226005,50,GET,/api/status,1.300000,0.000000,5100,5100,5200,5200,5200,5200,5200,5200,5200,5200,5200,68,0,5000.0,4628.100154455537,1422.3792589909863,6139.962048997404,423.97058823529414
1785226005,50,,Aggregated,9.800000,0.000000,4700,4900,5100,5200,5300,5400,5500,5500,5500,5500,5500,622,0,4700.0,4468.525574012819,1133.038697997108,6139.962048997404,203.37299035369776
1785226006,50,POST,/api/predict,8.500000,0.000000,4700,4900,5100,5300,5300,5400,5500,5500,5500,5500,5500,554,0,4700.0,4448.93880240613,1133.038697997108,5724.711029994069,176.29602888086643
1785226006,50,GET,/api/status,1.300000,0.000000,5100,5100,5200,5200,5200,5200,5200,5200,5200,5200,5200,68,0,5000.0,4628.100154455537,1422.3792589909863,6139.962048997404,423.97058823529414
1785226006,50,,Aggregated,9.800000,0.000000,4800,4900,5100,5300,5300,5400,5500,5500,5500,5500,5500,622,0,4700.0,4468.525574012819,1133.038697997108,6139.962048997404,203.37299035369776
1785226007,50,POST,/api/predict,8.500000,0.000000,4800,5000,5300,5300,5300,5400,5500,5500,5500,5500,5500,554,0,4700.0,4448.93880240613,1133.038697997108,5724.711029994069,176.29602888086643
1785226007,50,GET,/api/status,1.300000,0.000000,5100,5100,5200,5200,5200,5200,5200,5200,5200,5200,5200,68,0,5000.0,4628.100154455537,1422.3792589909863,6139.962048997404,423.97058823529414
1785226007,50,,Aggregated,9.800000,0.000000,4800,5100,5300,5300,5300,5400,5500,5500,5500,5500,5500,622,0,4700.0,4468.525574012819,1133.038697997108,6139.962048997404,203.37299035369776
1785226008,50,POST,/api/predict,8.500000,0.000000,4900,5200,5300,5300,5400,5500,5500,5500,5500,5500,5500,554,0,4700.0,4448.93880240613,1133.038697997108,5724.711029994069,176.29602888086643
1785226008,50,GET,/api/status,1.300000,0.000000,5200,5200,5200,5200,5200,5200,5200,5200,5200,5200,5200,68,0,5000.0,4628.100154455537,1422.3792589909863,6139.962048997404,423.97058823529414
1785226008,50,,Aggregated,9.800000,0.000000,5000,5200,5300,5300,5400,5500,5500,5500,5500,5500,5500,622,0,4700.0,4468.525574012819,1133.038697997108,6139.962048997404,203.37299035369776
1785226009,50,POST,/api/predict,8.500000,0.000000,5100,5300,5300,5300,5400,5500,5500,5500,5500,5500,5500,554,0,4700.0,4448.93880240613,1133.038697997108,5724.711029994069,176.29602888086643
1785226009,50,GET,/api/status,1.300000,0.000000,5200,5200,5200,5200,5200,5200,5200,5200,5200,5200,5200,68,0,5000.0,4628.100154455537,1422.3792589909863,6139.962048997404,423.97058823529414
1785226009,50,,Aggregated,9.800000,0.000000,5100,5300,5300,5300,5400,5500,5500,5500,5500,5500,5500,622,0,4700.0,4468.525574012819,1133.038697997108,6139.962048997404,203.37299035369776
1785226010,50,POST,/api/predict,4.200000,0.000000,5300,5500,12000,12000,12000,12000,12000,12000,12000,12000,12000,561,0,4700.0,4545.369994939347,1133.038697997108,12273.49432799383,176.29768270944743
1785226010,50,GET,/api/status,0.200000,0.000000,5200,5200,5200,5200,5200,5200,5200,5200,5200,5200,5200,68,0,5000.0,4628.100154455537,1422.3792589909863,6139.962048997404,423.97058823529414
1785226010,50,,Aggregated,4.400000,0.000000,5300,5500,12000,12000,12000,12000,12000,12000,12000,12000,12000,629,0,4700.0,4554.313795968124,1133.038697997108,12273.49432799383,203.0731319554849
1785226011,50,POST,/api/predict,3.400000,0.000000,5500,12000,12000,12000,12000,13000,13000,13000,13000,13000,13000,562,0,4700.0,4560.844818190337,1133.038697997108,13242.220661995816,176.29537366548044
1785226011,50,GET,/api/status,0.200000,0.000000,5200,5200,5200,5200,5200,5200,5200,5200,5200,5200,5200,68,0,5000.0,4628.100154455537,1422.3792589909863,6139.962048997404,423.97058823529414
1785226011,50,,Aggregated,3.600000,0.000000,5500,12000,12000,12000,12000,13000,13000,13000,13000,13000,13000,630,0,4700.0,4568.104124326899,1133.038697997108,13242.220661995816,203.02857142857144
1785226012,50,POST,/api/predict,2.700000,0.000000,12000,12000,12000,13000,14000,14000,14000,14000,14000,14000,14000,565,0,4700.0,4609.199650173407,1133.038697997108,13880.286521001835,176.28672566371682
1785226012,50,GET,/api/status,0.200000,0.000000,5200,5200,5200,5200,5200,5200,5200,5200,5200,5200,5200,68,0,5000.0,4628.100154455537,1422.3792589909863,6139.962048997404,423.97058823529414
1785226012,50,,Aggregated,2.900000,0.000000,12000,12000,12000,13000,14000,14000,14000,14000,14000,14000,14000,633,0,4700.0,4611.23003609945,1133.038697997108,13880.286521001835,202.89415481832543
1785226013,50,POST,/api/predict,2.400000,0.000000,12000,13000,14000,14000,14000,14000,14000,14000,14000,14000,14000,571,0,4700.0,4706.605029336213,1133.038697997108,13926.907572007622,176.2784588441331
1785226013,50,GET,/api/status,0.100000,0.000000,5200,5200,5200,5200,5200,5200,5200,5200,5200,5200,5200,68,0,5000.0,4628.100154455537,1422.3792589909863,6139.962048997404,423.97058823529414
1785226013,50,,Aggregated,2.500000,0.000000,12000,13000,14000,14000,14000,14000,14000,14000,14000,14000,14000,639,0,4700.0,4698.250832948286,1133.038697997108,13926.907572007622,202.63693270735524
1785226014,50,POST,/api/predict,1.700000,0.000000,12000,14000,14000,14000,14000,14000,15000,15000,15000,15000,15000,574,0,4700.0,4756.696153677663,1133.038697997108,14664.477186001022,176.27526132404182
1785226014,50,GET,/api/status,0.000000,0.000000,14000,14000,14000,14000,14000,14000,14000,14000,14000,14000,14000,69,0,5000.0,4770.201642550461,1422.3792589909863,14433.10283300525,424.0144927536232
1785226014,50,,Aggregated,1.700000,0.000000,12000,14000,14000,14000,14000,14000,15000,15000,15000,15000,15000,643,0,4700.0,4758.145420757326,1133.038697997108,14664.477186001022,202.86003110419907
1785226015,50,POST,/api/predict,1.200000,0.000000,14000,14000,14000,14000,15000,15000,15000,15000,15000,15000,15000,576,0,4700.0,4792.775355623235,1133.038697997108,15287.842523001018,176.27604166666666
1785226015,50,GET,/api/status,0.000000,0.000000,14000,14000,14000,14000,14000,14000,14000,14000,14000,14000,14000,69,0,5000.0,4770.201642550461,1422.3792589909863,14433.10283300525,424.0144927536232
1785226015,50,,Aggregated,1.200000,0.000000,14000,14000,14000,14000,15000,15000,15000,15000,15000,15000,15000,645,0,4700.0,4790.36049329452,1133.038697997108,15287.842523001018,202.77829457364342
1785226016,50,POST,/api/predict,1.800000,0.000000,14000,14000,14000,15000,15000,16000,16000,16000,16000,16000,16000,579,0,4700.0,4849.110297499089,1133.038697997108,15971.571923990268,176.2832469775475
1785226016,50,GET,/api/status,0.100000,0.000000,14000,14000,14000,14000,14000,14000,14000,14000,14000,14000,14000,69,0,5000.0,4770.201642550461,1422.3792589909863,14433.10283300525,424.0144927536232
1785226016,50,,Aggregated,1.900000,0.000000,14000,14000,14000,15000,15000,16000,16000,16000,16000,16000,16000,648,0,4800.0,4840.707987018449,1133.038697997108,15971.571923990268,202.66203703703704
1785226017,50,POST,/api/predict,2.000000,0.000000,14000,14000,15000,15000,16000,17000,17000,17000,17000,17000,17000,582,0,4700.0,4909.6926467594085,1133.038697997108,16826.43641899631,176.2852233676976
1785226017,50,GET,/api/status,0.100000,0.000000,17000,17000,17000,17000,17000,17000,17000,17000,17000,17000,17000,70,0,5000.0,4944.599992828235,1422.3792589909863,16978.086161994725,424.0571428571429
1785226017,50,,Aggregated,2.100000,0.000000,14000,14000,15000,16000,17000,17000,17000,17000,17000,17000,17000,652,0,4800.0,4913.440367963118,1133.038697997108,16978.086161994725,202.88650306748465
1785226018,50,POST,/api/predict,2.300000,0.000000,14000,16000,17000,17000,17000,17000,17000,17000,17000,17000,17000,590,0,4700.0,5071.567129723725,1133.038697997108,16985.81609899702,176.28983050847458
1785226018,50,GET,/api/status,0.100000,0.000000,17000,17000,17000,17000,17000,17000,17000,17000,17000,17000,17000,70,0,5000.0,4944.599992828235,1422.3792589909863,16978.086161994725,424.0571428571429
1785226018,50,,Aggregated,2.400000,0.000000,14000,16000,17000,17000,17000,17000,17000,17000,17000,17000,17000,660,0,4800.0,5058.100918234811,1133.038697997108,16985.81609899702,202.5681818181818
1785226019,50,POST,/api/predict,2.500000,0.000000,16000,17000,17000,17000,17000,17000,17000,17000,17000,17000,17000,598,0,4700.0,5227.276916685601,1133.038697997108,16985.81609899702,176.30100334448161
1785226019,50,GET,/api/status,0.100000,0.000000,17000,17000,17000,17000,17000,17000,17000,17000,17000,17000,17000,72,0,5000.0,5282.496359207977,1422.3792589909863,17156.281470000977,424.1388888888889
1785226019,50,,Aggregated,2.600000,0.000000,16000,17000,17000,17000,17000,17000,17000,17000,17000,17000,17000,670,0,4800.0,5233.210946329797,1133.038697997108,17156.281470000977,202.93432835820894
1785226020,50,POST,/api/predict,2.900000,0.000000,16000,17000,17000,17000,17000,17000,17000,17000,17000,17000,17000,605,0,4700.0,5292.395659388462,1133.038697997108,16985.81609899702,176.30247933884297
1785226020,50,GET,/api/status,0.200000,0.000000,17000,17000,17000,17000,17000,17000,17000,17000,17000,17000,17000,73,0,5100.0,5446.398641136698,1422.3792589909863,17247.362940004678,424.17808219178085
1785226020,50,,Aggregated,3.100000,0.000000,16000,17000,17000,17000,17000,17000,17000,17000,17000,17000,17000,678,0,4800.0,5308.977101376105,1133.038697997108,17247.362940004678,202.99115044247787
1785226021,50,POST,/api/predict,3.800000,0.000000,15000,17000,17000,17000,17000,17000,17000,17000,17000,17000,17000,609,0,4700.0,5315.486876139631,1133.038697997108,16985.81609899702,176.3087027914614
1785226021,50,GET,/api/status,0.200000,0.000000,17000,17000,17000,17000,17000,17000,17000,17000,17000,17000,17000,74,0,5100.0,5511.778214796937,1422.3792589909863,17247.362940004678,424.2162162162162
1785226021,50,,Aggregated,4.000000,0.000000,15000,17000,17000,17000,17000,17000,17000,17000,17000,17000,17000,683,0,4800.0,5336.754166125928,1133.038697997108,17247.362940004678,203.16837481698389
1785226022,50,POST,/api/predict,4.300000,0.000000,15000,17000,17000,17000,17000,17000,17000,17000,17000,17000,17000,618,0,4800.0,5361.595167349551,1133.038697997108,16985.81609899702,176.30582524271844
1785226022,50,GET,/api/status,0.400000,0.000000,17000,17000,17000,17000,17000,17000,17000,17000,17000,17000,17000,74,0,5100.0,5511.778214796937,1422.3792589909863,17247.362940004678,424.2162162162162
1785226022,50,,Aggregated,4.700000,0.000000,15000,17000,17000,17000,17000,17000,17000,17000,17000,17000,17000,692,0,4800.0,5377.6552042153135,1133.038697997108,17247.362940004678,202.8164739884393
1785226023,50,POST,/api/predict,4.500000,0.000000,9900,17000,17000,17000,17000,17000,17000,17000,17000,17000,17000,627,0,4800.0,5379.8974122632035,1133.038697997108,16985.81609899702,176.30940988835727
1785226023,50,GET,/api/status,0.600000,0.000000,17000,17000,17000,17000,17000,17000,17000,17000,17000,17000,17000,75,0,5100.0,5530.4822813729215,1422.3792589909863,17247.362940004678,424.25333333333333
1785226023,50,,Aggregated,5.100000,0.000000,14000,17000,17000,17000,17000,17000,17000,17000,17000,17000,17000,702,0,4800.0,5395.985539304841,1133.038697997108,17247.362940004678,202.7991452991453
1785226024,50,POST,/api/predict,4.900000,0.000000,9900,16000,17000,17000,17000,17000,17000,17000,17000,17000,17000,631,0,4800.0,5382.74311739308,1133.038697997108,16985.81609899702,176.31695721077654
1785226024,50,GET,/api/status,0.600000,0.000000,17000,17000,17000,17000,17000,17000,17000,17000,17000,17000,17000,76,0,5100.0,5543.43439849962,1422.3792589909863,17247.362940004678,424.2894736842105
1785226024,50,,Aggregated,5.500000,0.000000,9900,17000,17000,17000,17000,17000,17000,17000,17000,17000,17000,707,0,4800.0,5400.016861896755,1133.038697997108,17247.362940004678,202.97312588401698
1785226025,50,POST,/api/predict,5.400000,0.000000,9700,16000,17000,17000,17000,17000,17000,17000,17000,17000,17000,633,0,4800.0,5385.487204478737,1133.038697997108,16985.81609899702,176.32069510268562
1785226025,50,GET,/api/status,0.600000,0.000000,17000,17000,17000,17000,17000,17000,17000,17000,17000,17000,17000,76,0,5100.0,5543.43439849962,1422.3792589909863,17247.362940004678,424.2894736842105
1785226025,50,,Aggregated,6.000000,0.000000,9800,17000,17000,17000,17000,17000,17000,17000,17000,17000,17000,709,0,4800.0,5402.418074359679,1133.038697997108,17247.362940004678,202.901269393512
1785226026,50,POST,/api/predict,5.400000,0.000000,8900,17000,17000,17000,17000,17000,17000,17000,17000,17000,17000,633,0,4800.0,5385.487204478737,1133.038697997108,16985.81609899702,176.32069510268562
1785226026,50,GET,/api/status,0.600000,0.000000,17000,17000,17000,17000,17000,17000,17000,17000,17000,17000,17000,76,0,5100.0,5543.43439849962,1422.3792589909863,17247.362940004678,424.2894736842105
1785226026,50,,Aggregated,6.000000,0.000000,9700,17000,17000,17000,17000,17000,17000,17000,17000,17000,17000,709,0,4800.0,5402.418074359679,1133.038697997108,17247.362940004678,202.901269393512
1785226027,50,POST,/api/predict,5.700000,0.000000,8600,9800,17000,17000,17000,17000,17000,17000,17000,17000,17000,642,0,4800.0,5418.185592335008,1133.038697997108,16985.81609899702,176.3271028037383
1785226027,50,GET,/api/status,0.700000,0.000000,17000,17000,17000,17000,17000,17000,17000,17000,17000,17000,17000,77,0,5100.0,5577.093540584062,1422.3792589909863,17247.362940004678,424.31168831168833
1785226027,50,,Aggregated,6.400000,0.000000,8600,9900,17000,17000,17000,17000,17000,17000,17000,17000,17000,719,0,4800.0,5435.203550631499,1133.038697997108,17247.362940004678,202.884561891516
1785226028,50,POST,/api/predict,5.600000,0.000000,8000,8600,8800,9800,17000,17000,17000,17000,17000,17000,17000,650,0,4800.0,5448.68644536934,1133.038697997108,16985.81609899702,176.32461538461538
1785226028,50,GET,/api/status,0.700000,0.000000,10000,17000,17000,17000,17000,17000,17000,17000,17000,17000,17000,77,0,5100.0,5577.093540584062,1422.3792589909863,17247.362940004678,424.31168831168833
1785226028,50,,Aggregated,6.300000,0.000000,8000,8700,9700,9900,17000,17000,17000,17000,17000,17000,17000,727,0,4800.0,5462.286646650678,1133.038697997108,17247.362940004678,202.5900962861073
1785226029,50,POST,/api/predict,5.600000,0.000000,7800,8000,8500,8700,9700,9900,9900,9900,9900,9900,9900,658,0,4800.0,5475.951061731078,1133.038697997108,16985.81609899702,176.33282674772036
1785226029,50,GET,/api/status,0.800000,0.000000,8100,10000,10000,17000,17000,17000,17000,17000,17000,17000,17000,77,0,5100.0,5577.093540584062,1422.3792589909863,17247.362940004678,424.31168831168833
1785226029,50,,Aggregated,6.400000,0.000000,7800,8100,8600,8700,9800,9900,10000,17000,17000,17000,17000,735,0,4800.0,5486.546940468057,1133.038697997108,17247.362940004678,202.31156462585034
1785226030,50,POST,/api/predict,6.000000,0.000000,7700,7800,8000,8100,8600,8700,8800,8900,8900,8900,8900,667,0,4800.0,5502.791701503842,1133.038697997108,16985.81609899702,176.31784107946027
1785226030,50,GET,/api/status,0.700000,0.000000,8100,8100,10000,10000,17000,17000,17000,17000,17000,17000,17000,78,0,5100.0,5604.455835448439,1422.3792589909863,17247.362940004678,424.3333333333333
1785226030,50,,Aggregated,6.700000,0.000000,7700,7800,8000,8100,8600,8700,8800,8900,8900,8900,8900,745,0,4800.0,5513.435731634955,1133.038697997108,17247.362940004678,202.28456375838925
1785226031,50,POST,/api/predict,5.900000,0.000000,7600,7800,7800,7900,8100,8500,8600,8600,8600,8600,8600,675,0,4800.0,5525.022900518637,1133.038697997108,16985.81609899702,176.31851851851852
1785226031,50,GET,/api/status,0.700000,0.000000,7700,7700,8100,8100,8100,8100,8100,8100,8100,8100,8100,78,0,5100.0,5604.455835448439,1422.3792589909863,17247.362940004678,424.3333333333333
1785226031,50,,Aggregated,6.600000,0.000000,7600,7800,7800,7900,8100,8500,8600,8600,8600,8600,8600,753,0,4800.0,5533.251013300211,1133.038697997108,17247.362940004678,202.00929614873837
1785226032,50,POST,/api/predict,6.100000,0.000000,7400,7600,7700,7800,7900,8000,8000,8100,8100,8100,8100,684,0,4800.0,5533.439994295383,1133.038697997108,16985.81609899702,176.32894736842104
1785226032,50,GET,/api/status,0.500000,0.000000,7700,7800,7800,8100,8100,8100,8100,8100,8100,8100,8100,79,0,5100.0,5632.4548266706115,1422.3792589909863,17247.362940004678,424.36708860759495
1785226032,50,,Aggregated,6.600000,0.000000,7400,7600,7700,7800,7900,8000,8100,8100,8100,8100,8100,763,0,4800.0,5543.691857673683,1133.038697997108,17247.362940004678,202.0104849279161
1785226033,50,POST,/api/predict,6.200000,0.000000,7400,7600,7700,7800,7900,8000,8000,8100,8100,8100,8100,693,0,4800.0,5527.601311014502,1133.038697997108,16985.81609899702,176.32611832611832
1785226033,50,GET,/api/status,0.400000,0.000000,7700,7700,7800,7800,8100,8100,8100,8100,8100,8100,8100,81,0,5100.0,5632.976802727991,1422.3792589909863,17247.362940004678,424.4320987654321
1785226033,50,,Aggregated,6.600000,0.000000,7400,7600,7700,7800,7900,8000,8100,8100,8100,8100,8100,774,0,4800.0,5538.62897875196,1133.038697997108,17247.362940004678,202.2906976744186
1785226034,50,POST,/api/predict,6.600000,0.000000,7400,7500,7700,7800,7800,8000,8000,8100,8100,8100,8100,702,0,4800.0,5521.382590445958,1133.038697997108,16985.81609899702,176.30769230769232
1785226034,50,GET,/api/status,0.400000,0.000000,7700,7700,7800,7800,8100,8100,8100,8100,8100,8100,8100,81,0,5100.0,5632.976802727991,1422.3792589909863,17247.362940004678,424.4320987654321
1785226034,50,,Aggregated,7.000000,0.000000,7400,7600,7700,7800,7900,8000,8100,8100,8100,8100,8100,783,0,4900.0,5532.92681930272,1133.038697997108,17247.362940004678,201.9757343550447
1785226035,50,POST,/api/predict,6.500000,0.000000,7400,7500,7600,7700,7800,8000,8000,8100,8100,8100,8100,710,0,4800.0,5515.821524059277,1133.038697997108,16985.81609899702,176.30985915492957
1785226035,50,GET,/api/status,0.600000,0.000000,7700,7700,7800,7800,8100,8100,8100,8100,8100,8100,8100,82,0,5100.0,5631.279054609277,1422.3792589909863,17247.362940004678,424.4512195121951
1785226035,50,,Aggregated,7.100000,0.000000,7400,7500,7700,7800,7800,8000,8100,8100,8100,8100,8100,792,0,4900.0,5527.775460303088,1133.038697997108,17247.362940004678,202.00126262626262
1785226036,50,POST,/api/predict,6.600000,0.000000,7200,7400,7600,7700,7800,7900,8000,8100,8100,8100,8100,719,0,4800.0,5507.824056723275,1133.038697997108,16985.81609899702,176.30041724617524
1785226036,50,GET,/api/status,0.600000,0.000000,5700,7700,7800,7800,8100,8100,8100,8100,8100,8100,8100,83,0,5100.0,5628.416457854973,1422.3792589909863,17247.362940004678,424.4698795180723
1785226036,50,,Aggregated,7.200000,0.000000,6900,7400,7600,7700,7800,7900,8000,8100,8100,8100,8100,802,0,4900.0,5520.304317688275,1133.038697997108,17247.362940004678,201.98379052369077
1785226037,50,POST,/api/predict,7.200000,0.000000,5100,7400,7400,7500,7800,7900,8000,8100,8100,8100,8100,727,0,4800.0,5501.029396964293,1133.038697997108,16985.81609899702,176.3053645116919
1785226037,50,GET,/api/status,0.500000,0.000000,5700,7700,7800,7800,8100,8100,8100,8100,8100,8100,8100,83,0,5100.0,5628.416457854973,1422.3792589909863,17247.362940004678,424.4698795180723
1785226037,50,,Aggregated,7.700000,0.000000,5200,7400,7400,7500,7800,7900,8000,8100,8100,8100,8100,810,0,4900.0,5514.082639006177,1133.038697997108,17247.362940004678,201.73456790123456
1785226038,50,POST,/api/predict,7.800000,0.000000,5100,6600,7400,7400,7500,7600,7900,7900,7900,7900,7900,735,0,4800.0,5496.189344156495,1133.038697997108,16985.81609899702,176.32108843537415
1785226038,50,GET,/api/status,0.600000,0.000000,5600,5700,7700,7700,7800,7800,7800,7800,7800,7800,7800,85,0,5100.0,5622.987683270099,1422.3792589909863,17247.362940004678,424.52941176470586
1785226038,50,,Aggregated,8.400000,0.000000,5100,5700,7400,7400,7500,7700,7900,7900,7900,7900,7900,820,0,4900.0,5509.333074430468,1133.038697997108,17247.362940004678,202.05
1785226039,50,POST,/api/predict,8.500000,0.000000,5100,5200,5300,7200,7400,7400,7500,7500,7500,7500,7500,744,0,4800.0,5491.9364191949635,1133.038697997108,16985.81609899702,176.33333333333334
1785226039,50,GET,/api/status,0.600000,0.000000,5600,5700,7700,7700,7800,7800,7800,7800,7800,7800,7800,85,0,5100.0,5622.987683270099,1422.3792589909863,17247.362940004678,424.52941176470586
1785226039,50,,Aggregated,9.100000,0.000000,5100,5200,5700,7200,7400,7400,7700,7800,7800,7800,7800,829,0,4900.0,5505.373521060329,1133.038697997108,17247.362940004678,201.7816646562123
1785226040,50,POST,/api/predict,8.500000,0.000000,5100,5100,5200,5200,7200,7400,7400,7400,7400,7400,7400,753,0,4800.0,5487.131705881866,1133.038697997108,16985.81609899702,176.34395750332004
1785226040,50,GET,/api/status,0.600000,0.000000,5600,5700,7700,7700,7800,7800,7800,7800,7800,7800,7800,85,0,5100.0,5622.987683270099,1422.3792589909863,17247.362940004678,424.52941176470586
1785226040,50,,Aggregated,9.100000,0.000000,5100,5100,5200,5400,7200,7400,7400,7800,7800,7800,7800,838,0,4900.0,5500.911846786401,1133.038697997108,17247.362940004678,201.5178997613365
1785226041,50,POST,/api/predict,8.500000,0.000000,5100,5100,5100,5100,5200,5200,6800,6900,6900,6900,6900,761,0,4900.0,5482.132291705731,1133.038697997108,16985.81609899702,176.34034165571617
1785226041,50,GET,/api/status,0.800000,0.000000,5500,5500,5600,5700,7800,7800,7800,7800,7800,7800,7800,87,0,5200.0,5619.653466723635,1422.3792589909863,17247.362940004678,424.58620689655174
1785226041,50,,Aggregated,9.300000,0.000000,5100,5100,5100,5200,5400,5700,6900,7800,7800,7800,7800,848,0,4900.0,5496.241185840823,1133.038697997108,17247.362940004678,201.80896226415095
1785226042,50,POST,/api/predict,8.500000,0.000000,5000,5100,5100,5100,5200,5200,5200,5200,5200,5200,5200,770,0,4900.0,5477.500777809185,1133.038697997108,16985.81609899702,176.34805194805196
1785226042,50,GET,/api/status,0.800000,0.000000,5400,5500,5500,5500,5600,5600,5600,5600,5600,5600,5600,88,0,5200.0,5616.849308522267,1422.3792589909863,17247.362940004678,424.60227272727275
1785226042,50,,Aggregated,9.300000,0.000000,5100,5100,5100,5200,5200,5400,5500,5600,5600,5600,5600,858,0,4900.0,5491.792934805399,1133.038697997108,17247.362940004678,201.8100233100233
1785226043,50,POST,/api/predict,8.600000,0.000000,5000,5100,5100,5100,5200,5200,5200,5200,5200,5200,5200,779,0,4900.0,5471.223134418608,1133.038697997108,16985.81609899702,176.34659820282414
1785226043,50,GET,/api/status,0.800000,0.000000,5400,5500,5500,5500,5600,5600,5600,5600,5600,5600,5600,88,0,5200.0,5616.849308522267,1422.3792589909863,17247.362940004678,424.60227272727275
1785226043,50,,Aggregated,9.400000,0.000000,5000,5100,5100,5100,5200,5400,5500,5500,5500,5500,5500,867,0,4900.0,5486.004107107331,1133.038697997108,17247.362940004678,201.5444059976932
1785226044,50,POST,/api/predict,8.500000,0.000000,5000,5100,5100,5100,5200,5200,5200,5200,5200,5200,5200,788,0,4900.0,5466.1704075191665,1133.038697997108,16985.81609899702,176.33375634517768
1785226044,50,GET,/api/status,1.000000,0.000000,5400,5500,5500,5500,5500,5500,5500,5500,5500,5500,5500,89,0,5200.0,5615.126719999649,1422.3792589909863,17247.362940004678,424.6292134831461
1785226044,50,,Aggregated,9.500000,0.000000,5000,5100,5100,5100,5200,5400,5500,5500,5500,5500,5500,877,0,4900.0,5481.286840598714,1133.038697997108,17247.362940004678,201.53135689851769
1785226045,50,POST,/api/predict,8.600000,0.000000,5000,5100,5100,5100,5200,5200,5200,5200,5200,5200,5200,797,0,4900.0,5459.289252086695,1133.038697997108,16985.81609899702,176.34755332496863
1785226045,50,GET,/api/status,0.800000,0.000000,5400,5400,5500,5500,5500,5500,5500,5500,5500,5500,5500,90,0,5200.0,5612.67361343295,1422.3792589909863,17247.362940004678,424.65555555555557
1785226045,50,,Aggregated,9.400000,0.000000,5000,5100,5100,5100,5200,5400,5500,5500,5500,5500,5500,887,0,4900.0,5474.852490554749,1133.038697997108,17247.362940004678,201.5422773393461
1785226046,50,POST,/api/predict,8.600000,0.000000,5000,5100,5100,5100,5200,5200,5200,5200,5200,5200,5200,805,0,4900.0,5454.551793791413,1133.038697997108,16985.81609899702,176.34906832298137
1785226046,50,GET,/api/status,0.700000,0.000000,5400,5400,5500,5500,5500,5500,5500,5500,5500,5500,5500,90,0,5200.0,5612.67361343295,1422.3792589909863,17247.362940004678,424.65555555555557
1785226046,50,,Aggregated,9.300000,0.000000,5000,5100,5100,5100,5200,5400,5500,5500,5500,5500,5500,895,0,4900.0,5470.452311967658,1133.038697997108,17247.362940004678,201.31843575418995
1785226047,50,POST,/api/predict,8.600000,0.000000,5000,5100,5100,5100,5200,5200,5200,5200,5200,5200,5200,813,0,4900.0,5451.169983650788,1133.038697997108,16985.81609899702,176.3579335793358
1785226047,50,GET,/api/status,0.800000,0.000000,5400,5400,5500,5500,5500,5500,5500,5500,5500,5500,5500,90,0,5200.0,5612.67361343295,1422.3792589909863,17247.362940004678,424.65555555555557
1785226047,50,,Aggregated,9.400000,0.000000,5000,5100,5100,5200,5200,5400,5500,5500,5500,5500,5500,903,0,4900.0,5467.266690938048,1133.038697997108,17247.362940004678,201.10520487264674
1785226048,50,POST,/api/predict,8.700000,0.000000,5000,5100,5100,5100,5200,5200,5200,5200,5200,5200,5200,822,0,4900.0,5447.766870869924,1133.038697997108,16985.81609899702,176.35036496350364
1785226048,50,GET,/api/status,0.800000,0.000000,5400,5500,5500,5500,5600,5600,5600,5600,5600,5600,5600,91,0,5200.0,5612.763265285329,1422.3792589909863,17247.362940004678,424.68131868131866
1785226048,50,,Aggregated,9.500000,0.000000,5100,5100,5100,5200,5200,5400,5500,5600,5600,5600,5600,913,0,4900.0,5464.212294628744,1133.038697997108,17247.362940004678,201.10186199342826
1785226049,50,POST,/api/predict,8.600000,0.000000,5000,5100,5100,5200,5200,5200,5300,5300,5300,5300,5300,830,0,4900.0,5445.456510902489,1133.038697997108,16985.81609899702,176.36024096385543
1785226049,50,GET,/api/status,0.700000,0.000000,5500,5500,5500,5500,5600,5600,5600,5600,5600,5600,5600,91,0,5200.0,5612.763265285329,1422.3792589909863,17247.362940004678,424.68131868131866
1785226049,50,,Aggregated,9.300000,0.000000,5100,5100,5200,5200,5200,5400,5500,5600,5600,5600,5600,921,0,4900.0,5461.987362855626,1133.038697997108,17247.362940004678,200.89576547231272
1785226050,50,POST,/api/predict,8.600000,0.000000,5100,5100,5200,5200,5300,5300,5400,5400,5400,5400,5400,838,0,4900.0,5444.210694185042,1133.038697997108,16985.81609899702,176.3651551312649
1785226050,50,GET,/api/status,0.700000,0.000000,5500,5500,5600,5600,5600,5600,5600,5600,5600,5600,5600,92,0,5200.0,5612.509392271339,1422.3792589909863,17247.362940004678,424.70652173913044
1785226050,50,,Aggregated,9.300000,0.000000,5100,5100,5200,5200,5400,5400,5600,5600,5600,5600,5600,930,0,4900.0,5460.8595976516435,1133.038697997108,17247.362940004678,200.93225806451613
1785226051,50,POST,/api/predict,8.700000,0.000000,5100,5200,5200,5300,5400,5400,5500,5600,5600,5600,5600,846,0,4900.0,5444.152290669119,1133.038697997108,16985.81609899702,176.36761229314422
1785226051,50,GET,/api/status,0.600000,0.000000,5500,5500,5600,5600,5600,5600,5600,5600,5600,5600,5600,92,0,5200.0,5612.509392271339,1422.3792589909863,17247.362940004678,424.70652173913044
1785226051,50,,Aggregated,9.300000,0.000000,5100,5200,5300,5300,5400,5500,5600,5600,5600,5600,5600,938,0,4900.0,5460.664927500041,1133.038697997108,17247.362940004678,200.72494669509595
